0,10:00,13:00,19E081MM1 [OO 2019] P3
0,13:00,16:00,19E111P1 [OO 2019] P1
0,16:00,19:00,13E042OEF [OF 2013] P1,13E042OEL [OS 2013] P1,13E042OEL [OT 2013] P1
1,09:00,12:00,13E072OTEK [OF 2013] P2,13E072OTEK [OS 2013] P2,13E072OTEK [OE 2013] P2
1,12:00,14:00,13E114VLSI [IR 2013] V1
1,14:00,17:00,19E061F1 [OO 2019] P3
1,18:00,21:00,19E071OE1 [OO 2019] V1
2,08:00,11:00,19E111P1 [OO 2019] P2
2,11:00,14:00,19E081MM1 [OO 2019] P2
2,15:00,18:00,13E082M3 [OF 2013] P2,13E082M3 [OE 2013] P2,13E082M3 [OS 2013] P2
2,18:00,20:00,13E091EJ1 [OO 2019] P1
2,20:00,22:00,13E091EJ1 [OO 2019] P2
3,08:00,10:00,13S053NM [SI 2017] P1,13S053NM [SI 2013] P1
3,10:00,12:00,13E032EM [OT 2013] P2,13E052EM [OS 2013] P1,13E052EM [OF 2013] P1
3,12:00,15:00,19E081MM1 [OO 2019] P1,13E022MEH [OG 2013] P1
3,16:00,17:00,13E044NRS [MS13 ELK] P1,13E044NRS [OE 2013] P1
3,17:00,18:00,13E044NRS [MS13 ELK] V1,13E044NRS [OE 2013] V1
3,18:00,20:00,13M021EKO [MS19 E-PIO] P1,13M021EKO [MS19 E-OIE] P1,13M021EKO [MS19 E-MIS] P1,13M021EKO [MS13 E-PIO] P1,13M021EKO [MS13 E-OIE] P1,13M021EKO [MS13 E-MIS] P1
3,20:00,22:00,13M021EKO [MS19 E-PIO] V1,13M021EKO [MS19 E-OIE] V1,13M021EKO [MS19 E-MIS] V1,13M021EKO [MS13 EES] V1,13M021EKO [MS13 E-PIO] V1,13M021EKO [MS13 E-OIE] V1,13M021EKO [MS13 E-MIS] V1
4,08:00,11:00,13E034RS [OT SSI2013] P1,13E034RS [OT AVK2013] P1,13E034RS [OT RDK2013] P1,13E034RS [OT MTT2013] P1
4,11:00,12:00,13E034RS [OT MTT2013] V1,13E034RS [OT SSI2013] V1,13E034RS [OT AVK2013] V1,13E034RS [OT RDK2013] V1
4,12:00,14:00,13E112OO1 [OG 2013] V3,13E112OO1 [IR 2013] V3,13E112OO1 [OT 2013] V3,13E112OO1 [OS 2013] V3
4,15:00,18:00,13E082M3 [OS 2013] V2,13E082M3 [OF 2013] V2,13E082M3 [OE 2013] V2
4,18:00,19:00,13E081PM1 [OO 2019] V1
4,19:00,20:00,13E081PM1 [OO 2019] P3
4,20:00,21:00,13E081PM1 [OO 2019] V3
