0,08:00,11:00,19E071OE1 [OO 2019] P1
0,11:00,14:00,19E071OE1 [OO 2019] P2
0,14:00,17:00,19E071OE1 [OO 2019] P3
0,17:00,20:00,19E061F1 [OO 2019] P1
1,08:00,09:00,13E071PE1 [OO 2019] P1
1,09:00,10:00,13E071PE1 [OO 2019] V1
1,10:00,12:00,13E022MEX [OG 2013] V1
1,14:00,17:00,13E033T2 [OT RDK2013] P1,13E033T2 [OT MTT2013] P1,13E033T2 [OT AVK2013] P1,13E033T2 [OT SSI2013] P1
1,17:00,19:00,13E042OE [OE 2013] V1
1,19:00,21:00,13E092EJZ [OS 2013] P1,13E092EJ3 [OG 2013] P1,13E092EJ3 [OT 2013] P1,13E092EJ32 [OE 2013] P1,13E092EJ32 [OF 2013] P1
2,08:00,10:00,13E032EM [OT 2013] P1,13E052EM [OS 2013] P2,13E052EM [OF 2013] P2
2,10:00,12:00,13E044UPV [OE 2013] P1,13E044UPV [MS13 ELK] P1
2,12:00,13:00,13E044UPV [MS13 ELK] V1,13E044UPV [OE 2013] V1
2,13:00,16:00,19E111P1 [OO 2019] P3
2,16:00,18:00,13E073RTEK [IR 2013] P1
2,18:00,20:00,19M021IOIG [MS19 E-PIO] P1,19M021IOIG [MS19 E-OIE] P1,19M021IOIG [MS19 E-MIS] P1,13M021IOIG [MS13 E-OIE] P1,13M021IOIG [MS13 E-PIO] P1,13M021IOIG [MS13 E-MIS] P1
2,20:00,22:00,19M021SSE [MS19 E-PIO] P1,19M021SSE [MS19 E-OIE] P1,19M021SSE [MS19 E-MIS] P1,13M021SSE [MS13 E-MIS] P1,13M021SSE [MS13 E-OIE] P1,13M021SSE [MS13 E-PIO] P1
3,10:00,13:00,19E061F1 [OO 2019] P2
3,13:00,15:00,13E022MEH [OG 2013] P1
3,15:00,18:00,13E034KS [OT AVK2013] P1,13E034KS [OT MTT2013] P1,13E034KS [OT RDK2013] P1,13E034KS [OT SSI2013] P1
3,18:00,19:00,13E034KS [OT RDK2013] V1,13E034KS [OT MTT2013] V1,13E034KS [OT AVK2013] V1,13E034KS [OT SSI2013] V1
4,08:00,11:00,19E071OE1 [OO 2019] V3
4,11:00,14:00,19E081MM1 [OO 2019] V2
4,14:00,15:00,13E081PM1 [OO 2019] P1
4,15:00,16:00,13E081PM1 [OO 2019] P2
4,16:00,17:00,13E081PM1 [OO 2019] V2
4,18:00,21:00,13E082M3 [OT 2013] P1,13E082M3 [OG 2013] P1
